{
	"info": {
		"_postman_id": "d08254c5-83a1-4c53-9215-e1f9af541c75",
		"name": "Book-management",
		"schema": "https://schema.getpostman.com/json/collection/v2.1.0/collection.json",
		"_exporter_id": "13386752"
	},
	"item": [
		{
			"name": "Auth",
			"item": [
				{
					"name": "register",
					"event": [
						{
							"listen": "test",
							"script": {
								"exec": [
									"pm.environment.set('token', pm.response.json().token)"
								],
								"type": "text/javascript"
							}
						}
					],
					"request": {
						"method": "POST",
						"header": [],
						"body": {
							"mode": "raw",
							"raw": "{\n    \"name\": \"Dat Truong\",\n    \"email\": \"dattruong@gmail.com\",\n    \"password\": \"123456\"\n}",
							"options": {
								"raw": {
									"language": "json"
								}
							}
						},
						"url": {
							"raw": "{{URL}}/api/auth/register",
							"host": [
								"{{URL}}"
							],
							"path": [
								"api",
								"auth",
								"register"
							]
						}
					},
					"response": []
				},
				{
					"name": "Login",
					"event": [
						{
							"listen": "test",
							"script": {
								"exec": [
									"pm.environment.set('token', pm.response.json().token)"
								],
								"type": "text/javascript"
							}
						}
					],
					"request": {
						"method": "POST",
						"header": [],
						"body": {
							"mode": "raw",
							"raw": "{\n    \"email\": \"dattruong@gmail.com\",\n    \"password\": \"123456\"\n}",
							"options": {
								"raw": {
									"language": "json"
								}
							}
						},
						"url": {
							"raw": "{{URL}}/api/auth/login",
							"host": [
								"{{URL}}"
							],
							"path": [
								"api",
								"auth",
								"login"
							]
						}
					},
					"response": []
				}
			]
		},
		{
			"name": "Categories",
			"item": [
				{
					"name": "Create category",
					"request": {
						"auth": {
							"type": "bearer",
							"bearer": [
								{
									"key": "token",
									"value": "{{token}}",
									"type": "string"
								}
							]
						},
						"method": "POST",
						"header": [],
						"body": {
							"mode": "raw",
							"raw": "{\n    \"name\": \"Ngon tinh\"\n}",
							"options": {
								"raw": {
									"language": "json"
								}
							}
						},
						"url": {
							"raw": "{{URL}}/api/categories",
							"host": [
								"{{URL}}"
							],
							"path": [
								"api",
								"categories"
							]
						}
					},
					"response": []
				},
				{
					"name": "Get list categories",
					"request": {
						"method": "GET",
						"header": [],
						"url": {
							"raw": "{{URL}}/api/categories",
							"host": [
								"{{URL}}"
							],
							"path": [
								"api",
								"categories"
							]
						}
					},
					"response": []
				},
				{
					"name": "Delete category",
					"request": {
						"auth": {
							"type": "bearer",
							"bearer": [
								{
									"key": "token",
									"value": "{{token}}",
									"type": "string"
								}
							]
						},
						"method": "DELETE",
						"header": [],
						"url": {
							"raw": "{{URL}}/api/categories/1",
							"host": [
								"{{URL}}"
							],
							"path": [
								"api",
								"categories",
								"1"
							]
						}
					},
					"response": []
				}
			]
		},
		{
			"name": "Books",
			"item": [
				{
					"name": "Add new book",
					"request": {
						"auth": {
							"type": "bearer",
							"bearer": [
								{
									"key": "token",
									"value": "{{token}}",
									"type": "string"
								}
							]
						},
						"method": "POST",
						"header": [],
						"body": {
							"mode": "raw",
							"raw": "{\n    \"name\": \"Lord of the rings\",\n    \"categoryId\": 5,\n    \"image\": \"https://m.media-amazon.com/images/M/MV5BN2EyZjM3NzUtNWUzMi00MTgxLWI0NTctMzY4M2VlOTdjZWRiXkEyXkFqcGdeQXVyNDUzOTQ5MjY@._V1_.jpg\",\n    \"downloadUrl\": \"abc.com\",\n    \"description\" : \"adsassaf\"\n}",
							"options": {
								"raw": {
									"language": "json"
								}
							}
						},
						"url": {
							"raw": "{{URL}}/api/books",
							"host": [
								"{{URL}}"
							],
							"path": [
								"api",
								"books"
							]
						}
					},
					"response": []
				},
				{
					"name": "Get books",
					"request": {
						"method": "GET",
						"header": [],
						"url": {
							"raw": "{{URL}}/api/books?page=1&limit=1",
							"host": [
								"{{URL}}"
							],
							"path": [
								"api",
								"books"
							],
							"query": [
								{
									"key": "keyword",
									"value": "conan",
									"disabled": true
								},
								{
									"key": "categoryId",
									"value": "3",
									"disabled": true
								},
								{
									"key": "page",
									"value": "1"
								},
								{
									"key": "limit",
									"value": "1"
								}
							]
						}
					},
					"response": []
				},
				{
					"name": "Get book by id",
					"request": {
						"method": "GET",
						"header": [],
						"url": {
							"raw": "{{URL}}/api/books/2",
							"host": [
								"{{URL}}"
							],
							"path": [
								"api",
								"books",
								"2"
							]
						}
					},
					"response": []
				},
				{
					"name": "Update book",
					"request": {
						"auth": {
							"type": "bearer",
							"bearer": [
								{
									"key": "token",
									"value": "{{token}}",
									"type": "string"
								}
							]
						},
						"method": "PATCH",
						"header": [],
						"body": {
							"mode": "raw",
							"raw": "{\n    \"name\": \"Lord of the rings\",\n    \"categoryId\": 5,\n    \"image\": \"https://m.media-amazon.com/images/M/MV5BN2EyZjM3NzUtNWUzMi00MTgxLWI0NTctMzY4M2VlOTdjZWRiXkEyXkFqcGdeQXVyNDUzOTQ5MjY@._V1_.jpg\",\n    \"downloadUrl\": \"xyz.com\",\n    \"description\" : \"adsassaf\"\n}",
							"options": {
								"raw": {
									"language": "json"
								}
							}
						},
						"url": {
							"raw": "{{URL}}/api/books/2",
							"host": [
								"{{URL}}"
							],
							"path": [
								"api",
								"books",
								"2"
							]
						}
					},
					"response": []
				},
				{
					"name": "Delete book",
					"request": {
						"auth": {
							"type": "bearer",
							"bearer": [
								{
									"key": "token",
									"value": "{{token}}",
									"type": "string"
								}
							]
						},
						"method": "DELETE",
						"header": [],
						"url": {
							"raw": "{{URL}}/api/books/2",
							"host": [
								"{{URL}}"
							],
							"path": [
								"api",
								"books",
								"2"
							]
						}
					},
					"response": []
				}
			]
		}
	]
}